cluster,n_chunks,top_terms,claude_opus_label,claude_opus_macro,claude_opus_conf,claude_sonnet_label,claude_sonnet_macro,claude_sonnet_conf,gpt5_mini_label,gpt5_mini_macro,gpt5_mini_conf,gpt5_nano_label,gpt5_nano_macro,gpt5_nano_conf,consensus_macro_theme,macro_agreement,mean_label_similarity,combined_confidence,n_models_succeeded,human_approved_label,human_approved_macro_theme,human_notes
0,38,"decentralized, going, technologies, cultural, statements",Decentralized Infrastructure for Art Ecosystems,Institutions & Markets,0.8,Decentralized Infrastructure for Art Ecosystems,Institutions & Markets,0.85,Decentralized Art Ecosystems,Governance & Rights,0.86,Decentralised Art Governance,Governance & Rights,0.78,Institutions & Markets,0.5,0.44761904761904764,0.44649999999999995,4,,,
1,139,"ai, art, human, really, data",AI as Creative Collaborator,Philosophy of Creativity,0.85,Artists and AI Technology Integration,Practice & Pedagogy,0.85,Human vs. AI Creativity,Philosophy of Creativity,0.9,AI-driven creativity and meaning,Philosophy of Creativity,0.72,Philosophy of Creativity,0.75,0.1101190476190476,0.4031119791666667,4,,,
2,77,"mit, machine learning, microsoft",Machine Learning Art Theory & Practice,Technical Genealogy,0.85,AI Art Academic Research and Theory,Technical Genealogy,0.85,AI Art and Machine Learning,Philosophy of Creativity,0.92,Philosophy of AI Art,Philosophy of Creativity,0.72,Technical Genealogy,0.5,0.2661375661375662,0.3964593253968254,4,,,
3,194,"know, ai, art, really, yeah",Personal Reflections on AI and Art,Practice & Pedagogy,0.75,Conversational Reflections on AI Art Impact,Practice & Pedagogy,0.85,Artists' perspectives on AI,Practice & Pedagogy,0.85,Philosophy of AI Art Creativity,Philosophy of Creativity,0.72,Practice & Pedagogy,0.75,0.2615740740740741,0.4374113859953704,4,,,
4,49,"sort, kind, thing, mental images, language",Mental Models and Abstract Thought,Philosophy of Creativity,0.85,Cognition and Mental Processing in AI,Philosophy of Creativity,0.85,Mental imagery and AI cognition,Philosophy of Creativity,0.9,Mental imagery in AI art,Philosophy of Creativity,0.85,Philosophy of Creativity,1.0,0.3263888888888889,0.5720052083333333,4,,,
5,44,"cohen, aaron, computer, creativity, 2010",Harold Cohen and AARON Legacy,Technical Genealogy,0.85,Harold Cohen and AARON Legacy,Technical Genealogy,0.95,AARON and algorithmic creativity,Philosophy of Creativity,0.92,AARON and Harold Cohen: AI Art Authorship,Philosophy of Creativity,0.72,Technical Genealogy,0.5,0.41005291005291006,0.4547420634920635,4,,,
6,18,"museums, publishing, writing, journalism, important",Future of Arts Journalism and Museums,Institutions & Markets,0.75,Cultural Institutions and Digital Publishing Future,Institutions & Markets,0.85,Digital arts journalism & museums,Practice & Pedagogy,0.87,"Museums, Publishing, and Digital Art Discourse",Institutions & Markets,0.68,Institutions & Markets,0.75,0.17765151515151514,0.40573774857954553,4,,,
7,113,"know, art, really, kind, lot",Conversational Reflections on Art Practice,Practice & Pedagogy,0.85,Conversational Discourse on Art and AI,Philosophy of Creativity,0.85,Artists on digital-physical practice,Practice & Pedagogy,0.88,AI and the Future of Art,Philosophy of Creativity,0.72,Practice & Pedagogy,0.5,0.20085978835978835,0.37151599702380955,4,,,
8,68,"copyright, coders, software, law, protection",AI Copyright and Legal Protection,Governance & Rights,0.95,AI Copyright and Legal Frameworks,Governance & Rights,0.95,Copyright and AI-Generated Art,Governance & Rights,0.93,Copyright in AI-generated art,Governance & Rights,0.78,Governance & Rights,1.0,0.34801587301587306,0.6082921626984128,4,,,
9,11,"internet, mo ma, ma, mo, exhibition",Digital Art Exhibition and Display,Institutions & Markets,0.85,Digital Art Exhibition and Curation,Institutions & Markets,0.85,Museum exhibition of internet art,Institutions & Markets,0.86,Digital Internet Art at MoMA,Practice & Pedagogy,0.65,Institutions & Markets,0.75,0.3194444444444444,0.4632486979166667,4,,,
10,10,"nightshade, glaze, yeah, tools, rachel",Artist Defense Tools Against AI,Practice & Pedagogy,0.85,Artist Protection Tools Against AI Training,Governance & Rights,0.9,Artist anti-AI tools,Governance & Rights,0.86,Artists vs. AI image cloaking tools,Governance & Rights,0.72,Governance & Rights,0.75,0.2896164021164021,0.46970247395833337,4,,,
11,116,chung,AI Authorship and Creative Agency,Philosophy of Creativity,0.9,AI Creativity and Human-Machine Authorship,Philosophy of Creativity,0.92,AI and Artistic Authorship,Philosophy of Creativity,0.91,Authorship in AI Art,Philosophy of Creativity,0.68,Philosophy of Creativity,1.0,0.3888888888888889,0.5920138888888888,4,,,
12,18,"ai, effective, altruism, media, humanity",Media Coverage and AI Panic,Other: Media Discourse & Public Perception,0.9,Media Coverage and AI Existential Panic,Other: Public Discourse & Media Framing,0.92,Media framing of AI panic,"Other: Media discourse and risk narratives (focus on framing, sensationalism, and public perception rather than technical or legal specifics)",0.87,Media framing of AI panic,Governance & Rights,0.72,Other: Media Discourse & Public Perception,0.25,0.5734126984126985,0.419166976686508,4,,,
13,237,"ai, art, artists, image, human",AI Art Authenticity and Human Creativity,Philosophy of Creativity,0.85,Human vs AI Art Distinction,Philosophy of Creativity,0.9,Authorship and Creativity in AI Art,Philosophy of Creativity,0.9,AI Art Authorship and Aesthetics,Philosophy of Creativity,0.75,Philosophy of Creativity,1.0,0.38227513227513227,0.5874669312169313,4,,,
14,132,"gonna, students, maybe, adobe, firefly",Informal AI Creative Tool Discourse,Practice & Pedagogy,0.85,Informal Conversations About AI Creative Tools,Practice & Pedagogy,0.85,AI tools in creative workflows,Practice & Pedagogy,0.92,"AI in art: tools, jobs, and copyright",Governance & Rights,0.62,Practice & Pedagogy,0.75,0.22904040404040402,0.43554119318181816,4,,,
15,91,"mordvintsev, neural, deep, deep dream, dream",Deep Dream and Neural Network Visualization,Technical Genealogy,0.9,Google Deep Dream Neural Network Visualization,Technical Genealogy,0.95,DeepDream and neural image generation,Technical Genealogy,0.89,Deep Dream and Creative Neural Nets,Technical Genealogy,0.78,Technical Genealogy,1.0,0.3486772486772487,0.5934179894179895,4,,,
16,165,"know, art, really, yeah, artists",Artist Reflections on Technology,Practice & Pedagogy,0.85,Conversational Discussions on Art Technology Intersection,Practice & Pedagogy,0.85,"Artists, Technology, and Markets","Institutions & Markets — industry economics, platform dynamics, market impact",0.88,"AI Art, Technology, and Market Dynamics",Institutions & Markets,0.78,Practice & Pedagogy,0.5,0.08333333333333333,0.34125,4,,,
17,120,"fi, prompts",Artist-Centered AI Design & Ethics,Philosophy of Creativity,0.85,Artist-Centered AI Design and Values,Philosophy of Creativity,0.85,AI and Artistic Creativity,Philosophy of Creativity,0.85,Artist-centered AI and Creativity,Philosophy of Creativity,0.72,Philosophy of Creativity,1.0,0.37083333333333335,0.560328125,4,,,
18,53,"midjourney, allen, mr",AI Art Authorship and Copyright Debates,Governance & Rights,0.85,AI Art Copyright and Human Authorship Debates,Governance & Rights,0.92,AI-generated art & copyright,Governance & Rights,0.92,AI-generated art and copyright,Governance & Rights,0.82,Governance & Rights,1.0,0.455489417989418,0.6385959821428571,4,,,
19,43,"ai art, generative, generative art, barrat, computer art",Generative Art History and Pioneers,Technical Genealogy,0.85,Generative Art History and Definition,Technical Genealogy,0.85,Generative Art History & Practice,Practice & Pedagogy,0.83,Generative AI Art and Artists,Philosophy of Creativity,0.66,Technical Genealogy,0.5,0.4384920634920635,0.43019903273809523,4,,,
