chunk_idx,article,word_count,flags,n_flags,text_preview
7,"A.I.-Generated Art Now Looks More Convincingly Human Than Work at Art Basel, Study Says",250,ad_pattern: sign\s+up\s+(for|now|today); nav_pattern: related\s+articles?; nav_pattern: share\s+this\s+(article|story|post); nav_pattern: newsletter; boilerplate: (getty|shutterstock|unsplash|istock)\s*(images)?,5,"Clearly, A.I. isn’t putting artists out of work quite yet, but this new study shows that there may be real artist potential in the world of deep neural networks. Sarah Cascone Senior Writer Article to"
758,Google’s AI can learn to play video games,250,ad_pattern: subscribe\s+(now|today|to); nav_pattern: terms\s+(of\s+)?(service|use); nav_pattern: cookie\s+(policy|consent); nav_pattern: all\s+rights?\s+reserved; boilerplate: ©\s*\d{4},5,for the native ad Top Stories 2:00 PM UTC Assassin’s Creed Shadows lives up to the series’ name 1:00 PM UTC I’m still testing the new Razer Blade 16 and I have mixed feelings Mar 28 Chat GPT’s Ghibli 
4,"A.I.-Generated Art Now Looks More Convincingly Human Than Work at Art Basel, Study Says",250,ad_pattern: sign\s+up\s+(for|now|today); nav_pattern: share\s+this\s+(article|story|post); nav_pattern: newsletter; boilerplate: courtesy\s+of,4,"A.I.-Generated Art Now Looks More Convincingly Human Than Work at Art Basel, Study Says Deep neural networks are learning to make art and the results are impressive. Artworks created by Creative Adver"
20,"A.I.-Generated Art Now Looks More Convincingly Human Than Work at Art Basel, Study Says",250,ad_pattern: sign\s+up\s+(for|now|today); nav_pattern: share\s+this\s+(article|story|post); nav_pattern: newsletter; boilerplate: courtesy\s+of,4,"the last edition of Magna Carta and the version now in Harvard Law Library. “It is an icon both of the Western political tradition and of constitutional law,” Carpenter said. “The provenance of this d"
21,"A.I.-Generated Art Now Looks More Convincingly Human Than Work at Art Basel, Study Says",250,ad_pattern: subscribe\s+(now|today|to); ad_pattern: sign\s+up\s+(for|now|today); nav_pattern: related\s+articles?; nav_pattern: newsletter,4,"up than last May, results suggest that strong supply alone isn’t enough to offset deeper challenges. Plus, Yuga Labs, the company behind Bored Ape Yacht Club, has sold its landmark Crypto Punks NFT co"
796,How A.I. Is Creating Building Blocks to Reshape Music and Art,250,ad_pattern: advertisement; nav_pattern: terms\s+(of\s+)?(service|use); nav_pattern: privacy\s+policy; boilerplate: ©\s*\d{4},4,"a pig drawing looks like. Then, you ask them to, say, draw a pig with a cat’s head, or to visually subtract a foot from a horse or sketch a truck that looks like a dog or build a boat from a few rando"
8,"A.I.-Generated Art Now Looks More Convincingly Human Than Work at Art Basel, Study Says",250,ad_pattern: sign\s+up\s+(for|now|today); nav_pattern: newsletter; boilerplate: (getty|shutterstock|unsplash|istock)\s*(images)?,3,"Article We recognize her from her eyebrows alone. Frida Kahlo is one of a handful of artists who have truly gained icon status, remembered not only for her searing body of work but also for her enduri"
16,"A.I.-Generated Art Now Looks More Convincingly Human Than Work at Art Basel, Study Says",250,ad_pattern: sign\s+up\s+(for|now|today); nav_pattern: share\s+this\s+(article|story|post); nav_pattern: newsletter,3,"evade legal scrutiny. This certainly isn’t the first nightmare the FKC—founded by Kahlo’s niece and heir to her estate Isolda Pinedo Kahlo—have had, trying to shut down the unlicensed use of Kahlo’s i"
23,"A.I.-Generated Art Now Looks More Convincingly Human Than Work at Art Basel, Study Says",250,ad_pattern: sign\s+up\s+(for|now|today); nav_pattern: newsletter; boilerplate: courtesy\s+of,3,"prevailing jewelry. Passersby stopped to gape at the audacious beast in the window: bold, brazen, and impossible to ignore. The best of Artnet News in your inbox. Sign up for our daily newsletter. A C"
26,"A.I.-Generated Art Now Looks More Convincingly Human Than Work at Art Basel, Study Says",250,ad_pattern: sign\s+up\s+(for|now|today); nav_pattern: newsletter; boilerplate: courtesy\s+of,3,sharply divided black-and-white background. Cartier’s Amphista Necklace entwines two diamond serpents set with emerald scales and crowned with kite-shaped diamonds. At the center: nine Colombian emera
27,"A.I.-Generated Art Now Looks More Convincingly Human Than Work at Art Basel, Study Says",250,ad_pattern: sign\s+up\s+(for|now|today); nav_pattern: share\s+this\s+(article|story|post); nav_pattern: newsletter,3,Paris’s Historic Mint Collaborate on a Series of Exclusive Coins That Merge Jewelry With Money The two iconic French institutions came together to produce a unique object that marries artistry and uti
757,Google’s AI can learn to play video games,250,nav_pattern: newsletter; nav_pattern: terms\s+(of\s+)?(service|use); nav_pattern: privacy\s+policy,3,"newsletter by David Pierce designed to tell you everything you need to download, watch, read, listen to, and explore that fits in The Verge’s universe. Email (required) Sign Up By submitting your emai"
773,Has Artificial Intelligence Brought Us the Next Great Art Movement? Here Are 9 Pioneering Artists Who Are Exploring AI’s Creative Potential,250,ad_pattern: sign\s+up\s+(for|now|today); nav_pattern: share\s+this\s+(article|story|post); nav_pattern: newsletter,3,Has Artificial Intelligence Brought Us the Next Great Art Movement? Here Are 9 Pioneering Artists Who Are Exploring AI’s Creative Potential There's a lot going on in the world of art and AI. Anna Ridl
15,"A.I.-Generated Art Now Looks More Convincingly Human Than Work at Art Basel, Study Says",250,boilerplate: courtesy\s+of; boilerplate: (getty|shutterstock|unsplash|istock)\s*(images)?,2,"of Frida Kahlo in traditional attire, holding a string of pearls between her lips, highlighting her iconic unibrow and bold fashion sense. Frida Kahlo. Photo courtesy of Amazon Studios. Debuting at th"
17,"A.I.-Generated Art Now Looks More Convincingly Human Than Work at Art Basel, Study Says",250,ad_pattern: sign\s+up\s+(for|now|today); nav_pattern: newsletter,2,"Library. David Carpenter, a medieval history professor at King’s College London, was trawling through the digitized collections of U.S. university libraries looking for unofficial copies of Magna Cart"
22,"A.I.-Generated Art Now Looks More Convincingly Human Than Work at Art Basel, Study Says",250,nav_pattern: share\s+this\s+(article|story|post); boilerplate: courtesy\s+of,2,"Padukone poses in profile against a bold red backdrop, wearing Cartier’s Panthère Jaillissante bracelet-ring, a striking panther design clutching an 8.63-carat Zambian emerald. Deepika Padukone in Car"
92,AI Weekly Machine-made art does not mean the end of human creativity,49,nav_pattern: newsletter; nav_pattern: privacy\s+policy,2,"VB Daily has you covered. We give you the inside scoop on what companies are doing with generative AI, from regulatory shifts to practical deployments, so you can share insights for maximum ROI. Read "
162,AI and the Future of Creative Work,250,ad_pattern: advertisement; nav_pattern: terms\s+(of\s+)?(service|use),2,don't own the image necessarily you can make it and you can maybe say that you wrote the prompt but so just from the standpoint of using an image in a even an advertisement or in the case of maybe vid
283,Art in the Age of Machine Learning,251,nav_pattern: all\s+rights?\s+reserved; boilerplate: ©\s*\d{4},2,"Art in the Age of Machine Learning , Sofian Audry, 2021 See ⟨ ⟩ for a complete list of titles in this series. Art in the Age of Machine Learning Sofian Audry The MIT Press Cambridge, Massachusetts Lon"
320,Art of AI Will AI art generators displace human creativity  MasterBorn We Build Your Software Better,250,nav_pattern: most\s+popular; boilerplate: (getty|shutterstock|unsplash|istock)\s*(images)?,2,"It's up to us humans to make sure the model doesn't ""misbehave."" What problems might models encounter in our case? Incorrectly labeled photos and images at the learning stage - If there are enough pho"
490,Can AI Create True Art?,250,ad_pattern: sign\s+up\s+(for|now|today); nav_pattern: newsletter,2,"Can AI Create True Art? And if it can, what are the implications for the future of creativity? By Ken Weiner Culture Join Our Community of Science Lovers! Sign Up for Our Free Daily Newsletter This ar"
501,Can Google’s Deep Dream become an art machine,250,ad_pattern: download\s+(the|our)\s+app; nav_pattern: newsletter,2,Can Google’s Deep Dream become an art machine? | Art | The Guardian Skip to main content Skip to navigation Close dialogue1/3Next image Previous image Toggle caption Skip to navigation Support the Gua
611,DeepDream Creator Unveils Very First Images After Three Years — Artnome,147,ad_pattern: sign\s+up\s+(for|now|today); nav_pattern: newsletter,2,"Fair Zurich While I appreciated Deep Dream from the beginning, I felt it became kitsch too quickly as a result of being shared so broadly. Speaking with Alex makes me second guess that. It’s now clear"
756,Google’s AI can learn to play video games,250,nav_pattern: most\s+popular; nav_pattern: newsletter,2,"than previous methods in 43 games, and it did better than humans in 29 of them. Here’s a video of how the AI learned to beat _Breakout_ — notice how its strategy evolves as it plays more: The positive"
945,Media has a blind spot when covering the AI panic,250,ad_pattern: subscribe\s+(now|today|to); boilerplate: (getty|shutterstock|unsplash|istock)\s*(images)?,2,Media has a blind spot when covering the AI panic The discourse on AI risk is shaped by two communities: rationality and effective altruism. Media coverage should reflect that. A single black pill wit
1002,New collaboration sparks global connections to art through artificial intelligence,250,boilerplate: powered\s+by; boilerplate: built\s+with,2,"Microsoft AI to generate more accurate keywords, Tag, That’s It enriches The Met collection with the global Wiki community. Storyteller - Built with the help of MIT faculty participants Azra Akšamija "
1015,Photographer slams AI bots that are copying his work with ‘remarkably similar’ images – can YOU tell the di...,250,ad_pattern: sign\s+up\s+(for|now|today); nav_pattern: newsletter,2,"AI DON'T LIKE IT New laws could make the problem even worse... Millie Turner, Senior Technology & Science Reporter Published: 7:30, 1 Mar 2025 Updated: 16:47, 3 Mar 2025 AI-POWERED image generators ar"
1288,"The Future Of Art Is Digital, with Trevor Jones, World Renowned Artist",250,nav_pattern: newsletter; boilerplate: powered\s+by,2,what is up everybody i'm scott melker and this is the wolf of all streets podcast today's guest is a well known artist that's blended his passion for traditional painting and technology to push the li
1579,US appeals court rejects copyrights for AI-generated art lacking 'human' creator,250,ad_pattern: advertisement; nav_pattern: newsletter,2,"US appeals court rejects copyrights for AI-generated art lacking 'human' creator By Blake Brittain March 18, 20252:05 PM EDTUpdated 2 months ago Illustration shows AI (Artificial Intelligence) letters"
1671,Why artists shouldn’t fear AI,250,ad_pattern: sign\s+up\s+(for|now|today); nav_pattern: newsletter,2,Special Issue Advancements in generative art have many human artists on edge. But should they be worried? This video was generated using Stable Diffusion Deforum using the prompt “a film photograph of
5,"A.I.-Generated Art Now Looks More Convincingly Human Than Work at Art Basel, Study Says",250,boilerplate: courtesy\s+of,1,"lab on an algorithm that was able to identify the artist, genre, and style of works of art—a computer art historian of sorts. The computer had some surprising findings, drawing new connections between"
6,"A.I.-Generated Art Now Looks More Convincingly Human Than Work at Art Basel, Study Says",250,boilerplate: courtesy\s+of,1,"available Wiki Art data set. “The images generated by CAN do not look likes traditional art, in terms of standard genres (portrait, landscapes, religious paintings, still life, etc.),” notes the paper"
9,"A.I.-Generated Art Now Looks More Convincingly Human Than Work at Art Basel, Study Says",250,boilerplate: (getty|shutterstock|unsplash|istock)\s*(images)?,1,"Domain An image of a woman, artist Frida Kahlo Frida Kahlo. Photo: Getty Images All artworks enter the public domain the United States, United Kingdom, South America, and most of the European Union af"
10,"A.I.-Generated Art Now Looks More Convincingly Human Than Work at Art Basel, Study Says",250,boilerplate: (getty|shutterstock|unsplash|istock)\s*(images)?,1,painting The Broken Column by Mexican artist Frida Kahlo at the Martin-Gropius-Bau museum in Berlin in 2010. Photo: John Macdougall/ AFP via Getty Images. Kahlo battled for most of her life with chron
11,"A.I.-Generated Art Now Looks More Convincingly Human Than Work at Art Basel, Study Says",250,boilerplate: courtesy\s+of,1,"dismantling assumptions and decoding some of her most celebrated works. One work, Diego and Frida 1929 – 1944—a tiny painting showing a split portrait of Kahlo and Rivera in a frame encrusted with sea"
12,"A.I.-Generated Art Now Looks More Convincingly Human Than Work at Art Basel, Study Says",250,boilerplate: (getty|shutterstock|unsplash|istock)\s*(images)?,1,"the Belgian painter Leon De Vos, an image which she later would use as inspiration for her Self-Portrait with Jade Necklace in 1933. Madonna Wasn’t Allowed to Wear Kahlo’s Clothes, Said Museum Madonna"
24,"A.I.-Generated Art Now Looks More Convincingly Human Than Work at Art Basel, Study Says",250,boilerplate: courtesy\s+of,1,"necklace, the Celestun Necklace, is displayed against deep green pleated fabric. The intricate design features a stylized flamingo formed from diamonds, rose gold, and black lacquer, set amid emeralds"
25,"A.I.-Generated Art Now Looks More Convincingly Human Than Work at Art Basel, Study Says",250,boilerplate: courtesy\s+of,1,"wears Cartier’s Panthère Jaillissante bracelet-ring, a supple, sculpted panther gripping an 8.63-carat Zambian emerald. Courtesy of Cartier. Now, the house introduces a new High Jewelry collection tit"
28,"A.I.-Generated Art Now Looks More Convincingly Human Than Work at Art Basel, Study Says",250,boilerplate: courtesy\s+of,1,"use their technical knowhow to bring life to new objects that are born out of dreams,” Choisne said. A Tradition of Audacity at Boucheron Founded in 1858 by Frédéric Boucheron, the house of Boucheron "
29,"A.I.-Generated Art Now Looks More Convincingly Human Than Work at Art Basel, Study Says",250,boilerplate: courtesy\s+of,1,"possesses state-of-the-art workshops that include engraving and striking ateliers alongside jewelry and enameling workshops, where some 300 craftsmen produce medals, gold coins, and official decoratio"
31,"A.I.-Generated Art Now Looks More Convincingly Human Than Work at Art Basel, Study Says",182,boilerplate: courtesy\s+of,1,A major perennial challenge for the mint when collaborating with a jeweler is to translate the design of a three-dimensional piece of jewelry onto a two-dimensional coin. Courtesy of Boucheron. “For t
32,AI Art: How artists are using and confronting machine learning | HOW TO SEE LIKE A MACHINE,250,boilerplate: powered\s+by,1,"Many of the things that we interact with daily are powered by AI in some way, but there's very little understanding about it. There are artists that are using AI as a tool, and there are artists that "
59,AI Artist Anna Ridler,250,boilerplate: image\s+credit,1,"in the mornings. The clock is designed to run from dawn to dusk, and changes daily to reflect the precise longitude and latitude it’s programmed for. Imagery of the different flowers evolve in synchro"
61,AI BECOMES AN ARTIST ｜ DEEP DREAM  HALLUCINATING ALGORITHM!.mp3,250,ad_pattern: subscribe\s+(now|today|to),1,"Have you ever thought that AI could dream? Hallucinate, much like humans. Look at these pictures that have been totally generated by AI. Hello everyone and welcome to this new video on Deep Dream. I'm"
89,AI Weekly Machine-made art does not mean the end of human creativity,250,boilerplate: image\s+credit,1,"and pads through an online subscription, is trying to deliver these products [...] Read the full story Nexar raises $30 million for AI dashcam app Nexar, a dashcam recording app that uses artificial i"
107,"AI and The Future of Art, Round 2, Sam Altman & Android Jones @ PlayAlchemist, Robot Heart Residency",250,boilerplate: built\s+with,1,myself through from from the experience with this fire is that i feel there's a lot of artists that are it's it's the creativity is amazing and i don't wanna be suspicious of any joy that anyone gets 
260,AiArt: Towards Artificial Intelligence Art,250,nav_pattern: most\s+popular,1,"art and computer graphics. In 1990, he created the first ""Interior Body Series"" art project based on 3D images. In 1993, he created Osmose (infiltration), which allows visitors to explore the mysterie"
270,"Alexander Mordvintsev, “deepdream.c,” 20152021 - Kanon Log - Medium",250,boilerplate: courtesy\s+of,1,"Alexander Mordvintsev, “deepdream.c,” 2015/2021 _View_ deepdream.c _in the K21 gallery_ _here_ → _Flatland_ tells of a three dimensional sphere raining down and through an infinitesimally thin world. "
271,"Alexander Mordvintsev, “deepdream.c,” 20152021 - Kanon Log - Medium",250,boilerplate: courtesy\s+of,1,"a convolutional neural net, a machine learning algorithm designed to perform image recognition. If this AI had a mind, Mordvinstev had learned to read it by turning it inside out. Mordvintsev’s patch "
272,"Alexander Mordvintsev, “deepdream.c,” 20152021 - Kanon Log - Medium",250,boilerplate: courtesy\s+of,1,and in music videos. Apps were written that let anyone initiate their own computational hallucination. The Internet was soon awash in what Steven Levy called a “Boschian bestiary of visions.” “Deep Dr
274,"Alexander Mordvintsev, “deepdream.c,” 20152021 - Kanon Log - Medium",250,boilerplate: courtesy\s+of,1,"computer science in university, I was told they were conceptually interesting but didn’t work. At Google, on the Safe Search team, I was working with neural nets that did. I thought I knew something a"
295,Art in the Age of Machine Learning,250,boilerplate: courtesy\s+of,1,brain tries to make sense of the robot’s neurotic behavior. Twenty minutes pass that feel like twenty hours. The vibrations of the E string feed through the guitar pickup and then to a set of distorti
306,Art made by AI is selling for thousands – is it any good?,250,boilerplate: (getty|shutterstock|unsplash|istock)\s*(images)?,1,Art made by AI is selling for thousands – is it any good? 12 December 2018 Share Save Thomas Graham Features correspondent Creidt: Mario Klingemann After a piece of art ‘created’ by an AI sold for $43
307,Art made by AI is selling for thousands – is it any good?,250,boilerplate: (getty|shutterstock|unsplash|istock)\s*(images)?,1,"mouth. The ‘brushstrokes’ seem pixellated. In the bottom right corner, the signature is the algorithm. So, is this how a machine ‘sees’ us? Perhaps, stripped of the biases of human perception, this is"
316,Art of AI Will AI art generators displace human creativity  MasterBorn We Build Your Software Better,250,nav_pattern: most\s+popular,1,that he created hundreds of images using various prompts and spent many weeks polishing his work before deciding to transfer it to canvas and enter it into the competition. If you want to get a closer
321,Art of AI Will AI art generators displace human creativity  MasterBorn We Build Your Software Better,250,ad_pattern: download\s+(the|our)\s+app,1,make AI systems secured Can we remedy this somehow? Companies developing AI image generators are constantly working to ensure the safety of users and resolve possible legal issues. One approach is to 
327,Art of AI Will AI art generators displace human creativity  MasterBorn We Build Your Software Better,250,ad_pattern: sign\s+up\s+(for|now|today),1,"free, after that you need to purchase one of the available plans. It is worth noting that while using the Discord bot, our prompts and their results are public and can be seen by other users. Key feat"
338,"Art, Technology, and the Future with Sterling Crispin",250,nav_pattern: newsletter,1,the neuroscience that went into the apple vision pro which has been of particular interest to me and a lot of people in the technology space and so we talked about how the proliferation of wearable fo
431,Beyond the Brush,249,boilerplate: ©\s*\d{4},1,"requir-ing them to generate creative responses to prompts, such as identifying novel and useful applications of common objects (e.g., the alternate uses task; Guilford, 1967). Hubert et al. found that"
433,Beyond the Brush,250,boilerplate: powered\s+by,1,"generates visual outputs that closely align with the user ’s description, effectively translating words into images. By combining human intention with AI ’s vast data set of visual knowledge, DALL-E 3"
541,Caroline Holden - How Artists Will Shape the Future of Tech,250,nav_pattern: newsletter,1,right so there is i think it's really really especially in film more so than a lot of other industries is something that people are really worried about yeah for sure do you have any i mean obviously 
542,Caroline Holden - How Artists Will Shape the Future of Tech,250,nav_pattern: newsletter,1,big ups and downs and then suddenly serena williams shows up in the second half it's great wow well yeah it looks so handy man another one is ranged by david epstein which is all about how generalists
551,"Conversations | Technology: Expanding, or erasing, the art world?",250,boilerplate: (getty|shutterstock|unsplash|istock)\s*(images)?,1,images for example most recently so the like moma purchased riffic annandoll's work in two thousand and twenty two there's been a huge explosion in artworks made with tools such as midjourney and dall
619,Exhibition Review – AI More than Human at the Barbican from 16 May to 26 August 2019,247,nav_pattern: leave\s+a\s+comment,1,"CSAIL), Review - AI: More than Human at the Barbican, Sony Computer Science Laboratories, Wake Forest Institute for Regenerative Medicine, Wyss Institute and Emulate Inc., Yoichi Ochiai By londonvisit"
625,Further Speculation on Digital Arts Media's Future(s),250,ad_pattern: subscribe\s+(now|today|to),1,"I have written for newspapers, and I do still get a thrill when something I report wins a front-page spot in the _Wall Street Journal_, where I cover the art market. But we all know how archaic and fu"
754,Google’s AI can learn to play video games,250,nav_pattern: newsletter,1,Google’s AI can learn to play video games | The Verge Skip to main content The homepage Subscribe Sign In Tech Reviews Science Entertainment AI More The homepage Menu Navigation Drawer Login / Sign Up
759,Google’s AI can learn to play video games,250,nav_pattern: cookie\s+(policy|consent),1,we are able to offer. Click on the different category headings to find out more and change our default settings according to your preference. You cannot opt-out of our First Party Strictly Necessary C
790,How A.I. Is Creating Building Blocks to Reshape Music and Art,251,ad_pattern: advertisement,1,How A.I. Is Creating Building Blocks to Reshape Music and Art - The New York Times Skip to site index Search & Section Navigation Section Navigation SEARCH Art & Design Subscribe for $1/week Log in Tu
791,How A.I. Is Creating Building Blocks to Reshape Music and Art,250,ad_pattern: advertisement,1,"and music,” Mr. Eck said. It was a naïve ambition. Enrolling as a graduate student at Indiana University, in Bloomington, not far from where he grew up, he pitched the idea to Douglas Hofstadter, the "
793,How A.I. Is Creating Building Blocks to Reshape Music and Art,250,ad_pattern: advertisement,1,"Mexico, Mr. Eck combined Johnny Rotten and Johnny Cash. Now, he is building software that does much the same thing. Using neural networks, he and his team are crossbreeding sounds from very different "
795,How A.I. Is Creating Building Blocks to Reshape Music and Art,251,ad_pattern: advertisement,1,"analyzed their expressions in real time, guessing at their emotions. The tools are new, but the attitude is not. Allison Parrish, a New York University professor who builds software that generates poe"
813,How much AI is too much in art?,250,ad_pattern: advertisement,1,"A Christie’s auction in New York next week is blowing the art market wide open with the offer of 34 works by artists who haven’t just asked whether androids dream of electric sheep, they’ve voyaged in"
814,How much AI is too much in art?,250,ad_pattern: advertisement,1,"created and is not yet titled. Advertisement Reben’s work is being created in real-time at Christie’s in New York. Each time a $US100 bid is recorded for the work through the Christie’s portal, an AI "
834,How will AI impact Art? Interview with Artist Jah Reynolds,250,boilerplate: (getty|shutterstock|unsplash|istock)\s*(images)?,1,"Do you think AI is going to take artist jobs? Why have you faced backlash for your use of AI? Is AI overhyped? Welcome everyone to Real Talk with Shutterstock. In our first conversation, we're tacklin"
844,How will AI impact Art? Interview with Artist Jah Reynolds,250,boilerplate: (getty|shutterstock|unsplash|istock)\s*(images)?,1,"look like? So I'll say black man standing by a river, right? What is he wearing? Black man wearing street apparel, standing by a river. Where's this river? In Colorado. You just keep refining, and the"
845,How will AI impact Art? Interview with Artist Jah Reynolds,250,boilerplate: (getty|shutterstock|unsplash|istock)\s*(images)?,1,models that allow you to do what you do. Shutterstock is forging the path towards equitable and responsible AI integration and compensating its artists. So we've launched the contributor fund really f
846,How will AI impact Art? Interview with Artist Jah Reynolds,250,boilerplate: (getty|shutterstock|unsplash|istock)\s*(images)?,1,"others? Shutterstock's AI image generator is super intuitive. The models that are trained are just really, like, really, really strong models, really good. I think one of the things that caught my eye"
847,How will AI impact Art? Interview with Artist Jah Reynolds,250,boilerplate: (getty|shutterstock|unsplash|istock)\s*(images)?,1,"images right. So I think opening up to different categories or maybe I think maybe that's model training, just having more artists come in and just having more models within the database would probabl"
850,How will AI impact Art? Interview with Artist Jah Reynolds,115,boilerplate: (getty|shutterstock|unsplash|istock)\s*(images)?,1,artists and creators like yourself to get the actual real perspective of community is super valuable so thank you for being here can you tell us where we can find more about you and your art and where
851,I make millions from AI art — but the law has to be fair,250,boilerplate: (getty|shutterstock|unsplash|istock)\s*(images)?,1,"I make millions from AI art — but the law has to be fair Refik Anadol supports the Make It Fair campaign to protect copyright law from the likes of Google, where he was an artist in residence Mark Sel"
867,I'm Losing My Art Job to AI...What I'm Doing About it.mp3,250,nav_pattern: newsletter,1,"a conveyor belt of painting. So far I have honed my craft, I have a distinctive style that I'm hired for but I do need to find my visual language as an artist, my voice as an artist. We need to try to"
870,Inside Deep Dreams How Google Made Its Computers Go Crazy,250,nav_pattern: newsletter,1,"the threshold of the Zurich apartment that he, his pregnant wife, and his 3-year-old son had been occupying for the past few months. They had moved to Switzerland from St. Petersburg that last Novembe"
871,Inside Deep Dreams How Google Made Its Computers Go Crazy,250,nav_pattern: most\s+popular,1,"power “deep learning,” the hottest and most promising development in artificial intelligence. He was tinkering with his own vision-recognition neural net, developed with open-source tools. A number of"
874,Inside Deep Dreams How Google Made Its Computers Go Crazy,250,nav_pattern: most\s+popular,1,"find templates for new images — at just the right time and in just the right measures. “It’s easy to write the code and tricky to find the right parameters,” says Mordvintsev. The actual chunk of comp"
876,Inside Deep Dreams How Google Made Its Computers Go Crazy,250,nav_pattern: most\s+popular,1,"interest of a few scientists in the global Google Research archipelago. But this time, he felt sufficiently confident to finally post some images, including the metastasized dog faces, on the internal"
877,Inside Deep Dreams How Google Made Its Computers Go Crazy,250,nav_pattern: most\s+popular,1,"with neural nets, and had predictably been intrigued by Mordvintsev’s original Tech Talk and blown away by his post. Most Popular “I had been very interested in these convolutional neural nets that wo"
879,Inside Deep Dreams How Google Made Its Computers Go Crazy,250,nav_pattern: most\s+popular,1,"target object and making that object appear, these neural nets were free-styling. It didn’t take long before Tyka was also getting amazing results from those initial submissions of noise: the neural n"
881,Inside Deep Dreams How Google Made Its Computers Go Crazy,250,nav_pattern: most\s+popular,1,seemingly out of nowhere. The trio published the item on Google’s public research blog on June 17. And the internet went nuts. Within a few days the images appeared in over 100 articles and countless 
882,Inside Deep Dreams How Google Made Its Computers Go Crazy,250,nav_pattern: most\s+popular,1,"series, but it seemed the most popular thing to do was to use Deep Dream as Beelzebub’s paint kit. AI message forums, tweets hash-tagged #deepdream, and Pinterest boards instantly presented a Boschian"
883,Inside Deep Dreams How Google Made Its Computers Go Crazy,250,nav_pattern: most\s+popular,1,“ a generative toolbox” to render images up to a superhuman higher fidelity. He calls it “creative AI.” But Deep Dreams has a significance far beyond questions of art. To understand why Mordvintsev’s 
886,Inside Deep Dreams How Google Made Its Computers Go Crazy,250,nav_pattern: most\s+popular,1,"a value in plumbing what is, essentially, an alternate means of perception. Take the earlier example that Chris Olah exposed with the NN regarding barbells as something with a human hand attached. Vie"
888,Inside Deep Dreams How Google Made Its Computers Go Crazy,250,nav_pattern: most\s+popular,1,"Scream_, Kandinsky’s _Composition VII_, or Van Gogh’s _Starry Night_, and then running photographs that match the actual content of the paintings through their system. The results uncannily resembled "
891,Inside Deep Dreams How Google Made Its Computers Go Crazy,115,nav_pattern: most\s+popular,1,on the same visual cues? Have both systems jimmied open identical doors of perception? How much can these networks teach us about ourselves? Raising questions like that is why Deep Dreams — even thoug
892,Inside Google’s First DeepDream Art Show,250,boilerplate: courtesy\s+of,1,"_Jorōgumo_, a piece created using a neural network, by Mike Tyka. Mike Tyka A two-day symposium and exhibit presented work at the intersection of artificial intelligence and art. _Archimedes’ Principl"
903,Inside the Race to Protect Artists from Artificial Intelligence,250,ad_pattern: subscribe\s+(now|today|to),1,"absolutely great point. I spoke with a professional illustrator, Mignon Zakuga, who’s been really enthusiastic about Glaze and Nightshade. She was involved in beta testing, and still uses both cloaks "
904,Inside the Race to Protect Artists from Artificial Intelligence,69,ad_pattern: subscribe\s+(now|today|to),1,is edited by Elah Feder and Alexa Lim. Our theme music was composed by Dominic Smith. Feltman: Don’t forget to subscribe to Science Quickly wherever you get your podcasts. For more in-depth science ne
917,Interview with AI Artist Chazz Gold  MakersPlace Editorial,108,nav_pattern: newsletter,1,"we couldn’t get the images we wanted. We’d constantly change profile pictures every five minutes. Claire has come a long way, and I’m super proud of her. She’s a smart cookie and an inspiration, espec"
930,Jeff Koons Won't Work with AI Anytime Soon,250,boilerplate: (getty|shutterstock|unsplash|istock)\s*(images)?,1,"Jeff Koons Won't Work with AI Anytime Soon Jeff Koons Says He Won’t Work with AI Anytime Soon: ‘I’m Very Embedded at This Moment in Biology’ By Alex Greenberger January 2, 2025 2:26pm A judge agreed w"
954,Media has a blind spot when covering the AI panic,250,nav_pattern: newsletter,1,"with human values. Effective altruism donors have injected hundreds of millions of dollars into AI safety work through think tanks, research grants, scholarships, and, weirdly enough, luxurious resear"
999,My Thoughts on the future of ART and AI - Will Artists ever Become Obsolete ?,194,nav_pattern: comments?\s+section,1,AI banners. People know when it resonates with them. Artists know what resonates with people. And AI and artists will coexist. And I think that the masters of the future will be those who can offer so
1001,New collaboration sparks global connections to art through artificial intelligence,250,boilerplate: built\s+with,1,"museum’s collection through digital media: “We’re continuing to think differently about how a museum works, in this case how we leverage powerful technologies such as artificial intelligence. This col"
1009,Opinion  A Creator (Me) Made a Masterpiece With A.I.,250,boilerplate: (getty|shutterstock|unsplash|istock)\s*(images)?,1,"Opinion | A Creator (Me) Made a Masterpiece With A.I. - The New York Times Saturday, March 29, 2025 Farhad Manjoo A Creator (Me) Made a Masterpiece With A.I. Aug. 25, 2023 Credit...Caroline Brehman/EP"
1014,Perspectives from the artists collaborating on our early music experiments,224,nav_pattern: newsletter,1,think this experiment is an amazing ground breaking opportunity for all artists and creators. I am more than honored to be included. I strongly believe A I has a significant place in the future of mus
1023,Pixels and Principles： Ethics of AI Art ｜ Melody Liu ｜ TEDxNortheasternU.mp3,250,boilerplate: (getty|shutterstock|unsplash|istock)\s*(images)?,1,"for example, costs about $100 to $1,000 a year, depending on which plan you get. Unfortunately, the artists that were used to train the AI see none of this money, even if their artwork was copyrighted"
1064,Review of machine  deep learning in an artistic context,250,nav_pattern: most\s+popular,1,"learning algorithm tries to learn. _Training_ the model consists of specifying an _Objective function_ (also known as _Loss, Cost_ or _Energy_ function) and the learning algorithm tries to find the _s"
1065,Review of machine  deep learning in an artistic context,250,nav_pattern: most\s+popular,1,"the objective function, thus right now Supervised Learning is one of the most popular and successful branches of ML. However, the training pairs often need to be manually associated by people. This ma"
1121,Should robot artists be given copyright protection,250,boilerplate: (getty|shutterstock|unsplash|istock)\s*(images)?,1,"Shutterstock Andres Guadamuz, _University of Sussex_ When a group of museums and researchers in the Netherlands unveiled a portrait entitled The Next Rembrandt, it was something of a tease to the art "
1122,Should robot artists be given copyright protection,250,boilerplate: (getty|shutterstock|unsplash|istock)\s*(images)?,1,"they could be freely used and reused by anyone and that would be bad news for the companies selling them. Imagine you invest millions in a system that generates music for video games, only to find tha"
1124,Should robot artists be given copyright protection,172,boilerplate: this\s+(article|story|piece)\s+(was\s+)?(originally|first)\s+published,1,"commonly used by artists and as the machines get better at reproducing creativity, making it harder to discern if an artwork is made by a human or a computer. Monumental advances in computing and the "
1180,THE VOICE OF THE ARTIST IN THE AGE OF THE ALGORITHM,250,boilerplate: built\s+with,1,"is an ethical claim increasingly pressing in our transnational and hyper-connected society. AI systems in arts could offer a tool to tackle this lack of recognition and help support a more democratic,"
1181,THE VOICE OF THE ARTIST IN THE AGE OF THE ALGORITHM,250,boilerplate: built\s+with,1,"of this is Project IAQOS, an AI built with data provided by people living in the Rome multicultural neighborhood of Torpignattara with the intent to educate people on how to use AI, to foster communit"
1236,The Cr[AI]tive Revolution - The Future of Art (Full Documentary),250,nav_pattern: most\s+popular,1,human body there are animals with larger brains but their brains are not as sophisticated as ours as you mentioned complexity is the problem and so if you have the most complex physical structure in t
1271,The Curious Effects of AI on the Artist ｜ Ethan Ramirez ｜ TEDxTexasStateUniversity.mp3,250,boilerplate: powered\s+by,1,"So first off, I just want you to know that it has been quite the challenge to develop a talk on a topic that is evolving as quickly as the one I'll be discussing today. It seems like every time I go t"
1281,The Ethics of Artificial Intelligence-Generated Art,250,boilerplate: courtesy\s+of,1,"surround the algorithms and their frequent reinforcement of biases. “This is a new realm for an extant conversation that’s happening with algorithmic training data in other realms,” Damien Williams, a"
1282,The Ethics of Artificial Intelligence-Generated Art,250,boilerplate: courtesy\s+of,1,"is based on features that are taken from those paintings. Bosch’s work is in the public domain, but training data used by AI art algorithms are often copyrighted and not licensed for that purpose. Fig"
1289,"The Future Of Art Is Digital, with Trevor Jones, World Renowned Artist",250,nav_pattern: newsletter,1,you follow me on twitter then you should check out my website think about joining my newsletter you can do both those things at thewolfofallstreets io so now that we got that out of the way let's get 
1312,"The Future Of Art Is Digital, with Trevor Jones, World Renowned Artist",250,ad_pattern: promo\s+code,1,very easy to slip down that that slippery slope and next thing you know you just get knocked for you know and you have no idea what's happening to you roundthex dot com is one of my favorite companies
1313,"The Future Of Art Is Digital, with Trevor Jones, World Renowned Artist",250,ad_pattern: sign\s+up\s+(for|now|today),1,under a single roof including an institutional grade exchange called equis equis allows institutional and retail investors alike access to an exchange that's on par with platforms they've come to trus
1314,"The Future Of Art Is Digital, with Trevor Jones, World Renowned Artist",250,ad_pattern: promo\s+code,1,share eighty percent of their revenue in the form of weekly reward payments that's how their users are earning up to fifteen percent apy with compounding rewards they also commit to providing the lowe
1318,"The Future Of Art Is Digital, with Trevor Jones, World Renowned Artist",250,nav_pattern: (facebook|twitter|instagram|linkedin)\s+(share|follow),1,the story is take risks and hope for the best prepare for the worst see what happens i mean what would you say to okay i guess there's two two parts start with someone who's an artist and wants to get
1405,"The Future of Art: AI, Creativity, and Human Co-Evolution - A Talk with Mariam Brian",250,ad_pattern: advertisement,1,look at how emotional contagion is also spread through technologies and this means you know an incentive to yes purchase such and such product there's an opportunity to have things that you need know 
1483,"The Past, Present, and Future of AI Art",250,nav_pattern: most\s+popular,1,"designs. In other words, it is the method, not the artifact, that is relevant for the aesthetic judgement of a work.[[4] ) While, over the course of fifty years, the tools to produce such systems have"
1484,"The Past, Present, and Future of AI Art",250,nav_pattern: most\s+popular,1,"experiment with Deep Dream when it was open sourced by Google in 2015. Source. If we take some of the most popular works labeled as AI art right now, for instance works by Anna Ridler, Sophia Crespo, "
1497,"The Past, Present, and Future of AI Art",252,nav_pattern: follow\s+us\s+on,1,"Offert, ""The Past, Present, and Future of AI Art"", The Gradient, 2019. _Bib Te X citation:_ > @article{AIArt 2019 Offert, > author = {Offert, Fabian} > title = {The Past, Present, and Future of AI Art"
1518,The Unbearable Lightness of Being Online  Magazine  MoMA,250,nav_pattern: newsletter,1,"interview. He talked about that fear when the computer turns off and crashes and the screen goes black, and then the feeling of hope after dark. So, the darkness, and then, “Oh, my computer didn’t cra"
1538,The problem with AI-generated art ｜ Steven Zapata ｜ TEDxBerkeley.mp3,250,boilerplate: (getty|shutterstock|unsplash|istock)\s*(images)?,1,"training process, but I am not going to foolishly attempt that in front of a room that probably has a lot of machine learning specialists in it. Fortunately, the task of determining what the precise n"
1546,This artist collaborates with AI and robots,250,boilerplate: courtesy\s+of,1,"in-betweens. “My goal,” they explain, “isn’t to replace traditional methods but to deepen and expand them, allowing art to arise from a genuine meeting of human and machine perspectives.” Such a meeti"
1547,This artist collaborates with AI and robots,250,boilerplate: courtesy\s+of,1,"opera singer, their mom a computer programmer. Growing up, Chung played multiple musical instruments, and the family was among the first on the block to have a computer. “I was raised speaking both th"
1577,Toward an Artist-Centred AI,250,boilerplate: powered\s+by,1,"its elaborationis the awareness of the uid and always potentially deceptive conceptualnature of its central terms: art, creativity, and intelligence, as well as the sociotechnical dynamics of AI. Intr"
1580,US appeals court rejects copyrights for AI-generated art lacking 'human' creator,209,ad_pattern: advertisement,1,"case independently. Thaler's attorney Ryan Abbott said he and his client ""strongly disagree"" with the ruling and intend to appeal. The Copyright Office said in a statement that it ""believes the court "
1596,Unpacking AI’s influence in contemporary Art,251,boilerplate: (getty|shutterstock|unsplash|istock)\s*(images)?,1,"issue. Many follow the traditional view that human authorship is required. The UK, interestingly, has a provision for computer generated works with no human author, granting a short fifty year copyrig"
1597,Unpacking AI’s influence in contemporary Art,250,boilerplate: (getty|shutterstock|unsplash|istock)\s*(images)?,1,"even contain distorted remnants of the Getty watermark, highlighting the direct ingestion of its library. Okay? Now mind you, I think this is just a money thing. If they were to pay Getty, think it wo"
1599,Unpacking AI’s influence in contemporary Art,250,boilerplate: (getty|shutterstock|unsplash|istock)\s*(images)?,1,"like WIPO or what is also called WIPO or what is also called World Intellectual Property Organizations have been holding have been holding symposiums on AI and IP, and the EU is working on the AI Act,"
1602,Unpacking AI’s influence in contemporary Art,250,nav_pattern: newsletter,1,"be in the future. It's enabling new forms of expression and efficiency, influencing the economics of art and drawing both excitement and concern from all creators, from all artists, from all curators,"
